Time(s),phi,phi_dot
0,0.3,0
0.1,0.29956622,-0.008670087
0.2,0.298267831,-0.017284885
0.3,0.296112564,-0.025800128
0.4,0.293112676,-0.034172084
0.5,0.289285352,-0.042358806
0.6,0.284651094,-0.050314857
0.7,0.27923461,-0.057995225
0.8,0.273065081,-0.065356309
0.9,0.266176162,-0.072355921
1,0.25860598,-0.078953285
1.1,0.250397133,-0.085109037
1.2,0.241596695,-0.090785224
1.3,0.23225461,-0.095946996
1.4,0.222421363,-0.100562484
1.5,0.212156244,-0.10459395
1.6,0.201520802,-0.10800797
1.7,0.190578225,-0.110776243
1.8,0.179393334,-0.11287559
1.9,0.168032589,-0.114287952
2,0.156564082,-0.115000393
2.1,0.145057544,-0.115005096
2.2,0.13358434,-0.114299368
2.3,0.122217471,-0.112885636
2.4,0.111023337,-0.110770471
2.5,0.100068061,-0.107963363
2.6,0.089427244,-0.104479028
2.7,0.079171977,-0.100337179
2.8,0.069368762,-0.095562521
2.9,0.060079505,-0.090184754
3,0.051361526,-0.08423857
3.1,0.043267548,-0.077763652
3.2,0.035845706,-0.070804678
3.3,0.029139543,-0.063411319
3.4,0.023188008,-0.055638237
3.5,0.018025933,-0.047540961
3.6,0.013685799,-0.039168769
3.7,0.010194346,-0.03058006
3.8,0.007571527,-0.021834114
3.9,0.005830531,-0.012990479
4,0.004977781,-0.004108966
4.1,0.005012937,0.004750349
4.2,0.005928913,0.013527153
4.3,0.00771429,0.022163111
4.4,0.010353052,0.030598479
4.5,0.013822764,0.038774259
4.6,0.018095346,0.046634565
4.7,0.023137075,0.054126622
4.8,0.028908584,0.06120077
4.9,0.035364862,0.067810458
5,0.042456099,0.073912917
5.1,0.050131434,0.079470062
5.2,0.058332693,0.084442334
5.3,0.066998874,0.088795085
5.4,0.076067008,0.092499482
5.5,0.085472162,0.095532506
5.6,0.095147434,0.097876952
5.7,0.105023959,0.09952143
5.8,0.115030905,0.100460364
5.9,0.125095658,0.100693966
6,0.135152004,0.100225646
6.1,0.145129049,0.099060876
6.2,0.154953816,0.097209765
6.3,0.164556542,0.094686942
6.4,0.173870681,0.091511549
6.5,0.182832904,0.087707247
6.6,0.191383096,0.083302213
6.7,0.19946436,0.078329141
6.8,0.207023016,0.072825243
6.9,0.214008598,0.066832244
7,0.220378034,0.060390509
7.1,0.226090335,0.053535304
7.2,0.231100485,0.046308923
7.3,0.235369231,0.038754772
7.4,0.238863182,0.030917277
7.5,0.241554813,0.022841877
7.6,0.243422463,0.014575031
7.7,0.244450338,0.006164215
7.8,0.244628507,-0.002342079
7.9,0.243952902,-0.010894342
8,0.242425324,-0.019442045
8.1,0.240053221,-0.027934293
8.2,0.236843279,-0.03633083
8.3,0.232804059,-0.044582698
8.4,0.22795023,-0.052637632
8.5,0.222301787,-0.060445322
8.6,0.215884054,-0.067957412
8.7,0.208727681,-0.075127505
8.8,0.200868647,-0.081911156
8.9,0.192348257,-0.088265879
9,0.183213145,-0.09415114
9.1,0.173515271,-0.099528364
9.2,0.163311911,-0.104360934
9.3,0.15265552,-0.108617809
9.4,0.141602302,-0.112266144
9.5,0.130217809,-0.115273523
9.6,0.11856849,-0.117613452
9.7,0.1067217,-0.119265358
9.8,0.094745694,-0.120214588
9.9,0.082709627,-0.120452408
10,0.07068356,-0.119976009
10.1,0.058738452,-0.1187885
10.2,0.046946166,-0.11689891
10.3,0.035378232,-0.114321387
10.4,0.024098809,-0.111069375
10.5,0.01317705,-0.107163761
10.6,0.002679542,-0.102630875
10.7,-0.007331665,-0.097501433
10.8,-0.016799055,-0.091810539
10.9,-0.025669652,-0.085597688
11,-0.033895011,-0.078906763
11.1,-0.041431226,-0.071786036
11.2,-0.048239495,-0.064285058
11.3,-0.054283501,-0.056453378
11.4,-0.05953002,-0.048346157
11.5,-0.063952411,-0.040019147
11.6,-0.067530658,-0.031528597
11.7,-0.070251367,-0.022931249
11.8,-0.07210777,-0.01428434
11.9,-0.073099722,-0.005645604
12,-0.073233624,0.002927002
12.1,-0.072519346,0.011380124
12.2,-0.070970226,0.01965567
12.3,-0.068605436,0.027695548
12.4,-0.065449748,0.035444739
12.5,-0.061533536,0.042851304
12.6,-0.05689278,0.049866379
12.7,-0.051569059,0.056444177
12.8,-0.045609558,0.062541988
12.9,-0.039067062,0.068120177
13,-0.031997872,0.073142796
13.1,-0.02445456,0.077577351
13.2,-0.016499331,0.08139076
13.3,-0.008196798,0.084555089
13.4,0.000387237,0.087048108
13.5,0.009185779,0.088853297
13.6,0.018130644,0.089959837
13.7,0.027152455,0.090362621
13.8,0.036180647,0.090062244
13.9,0.045143608,0.089064947
14,0.053975105,0.087378676
14.1,0.062605608,0.08501475
14.2,0.070965024,0.081990042
14.3,0.07898697,0.078325836
14.4,0.086608779,0.074047826
14.5,0.093771493,0.069186115
14.6,0.100419869,0.063775219
14.7,0.106502377,0.057854061
14.8,0.111971275,0.05146588
14.9,0.11678552,0.04465196
15,0.120902592,0.037456715
15.1,0.124282723,0.029928706
15.2,0.126892476,0.02211757
15.3,0.12870474,0.014074016
15.4,0.129698736,0.00584983
15.5,0.129860013,-0.002502128
15.6,0.129180447,-0.010927922
15.7,0.127658247,-0.019372544
15.8,0.125297863,-0.027780148
15.9,0.122105596,-0.036101001
16,0.118090409,-0.044280038
16.1,0.113267501,-0.052260417
16.2,0.10765769,-0.059987895
16.3,0.101287414,-0.067410833
16.4,0.094188726,-0.074480194
16.5,0.086399302,-0.081149541
16.6,0.077962435,-0.087375042
16.7,0.068927036,-0.093115466
16.8,0.059347478,-0.098332266
16.9,0.049274336,-0.102992925
17,0.038764115,-0.10706308
17.1,0.027879622,-0.11051069
17.2,0.016684803,-0.113309675
17.3,0.005244748,-0.11543992
17.4,-0.006374311,-0.116887272
17.5,-0.018105001,-0.117643545
17.6,-0.029878807,-0.117706514
17.7,-0.041626071,-0.117079917
17.8,-0.053275993,-0.115773458
17.9,-0.064763661,-0.113798866
18,-0.076024236,-0.111169692
18.1,-0.086989127,-0.10790596
18.2,-0.097593918,-0.104031758
18.3,-0.107778364,-0.099575234
18.4,-0.117486392,-0.094568597
18.5,-0.126666102,-0.089048117
18.6,-0.13526977,-0.083054127
18.7,-0.14325384,-0.07663102
18.8,-0.150579142,-0.069826846
18.9,-0.157213389,-0.062683821
19,-0.163122322,-0.055248267
19.1,-0.168275193,-0.047569912
19.2,-0.172647366,-0.039698578
19.3,-0.17622032,-0.031684177
19.4,-0.178981643,-0.023576715
19.5,-0.180925041,-0.015426291
19.6,-0.182050328,-0.007283096
19.7,-0.182363434,0.000802585
19.8,-0.1818764,0.008780377
19.9,-0.180605738,0.016602136
20,-0.178565852,0.024225184
20.1,-0.175777663,0.031599146
20.2,-0.172267108,0.038675598
20.3,-0.168064696,0.04540904
20.4,-0.163205509,0.051756892
20.5,-0.157729201,0.057679499
20.6,-0.151679997,0.063140127
20.7,-0.145106698,0.068104966
20.8,-0.138062675,0.072543129
20.9,-0.130605871,0.076426651
21,-0.122790861,0.079731366
21.1,-0.114673832,0.0824331
21.2,-0.106319027,0.084509923
21.3,-0.09779081,0.08594516
21.4,-0.089153666,0.086727398
21.5,-0.080472199,0.086850479
21.6,-0.071811135,0.086313501
21.7,-0.06323532,0.085120824
21.8,-0.05480972,0.083282061
21.9,-0.046599356,0.080812038
22,-0.0386645,0.077726411
22.1,-0.031066796,0.074044547
22.2,-0.023867379,0.069791569
22.3,-0.017123085,0.064996361
22.4,-0.010886458,0.059691568
22.5,-0.005205742,0.0539136
22.6,-0.000124889,0.047702627
22.7,0.004316447,0.041102582
22.8,0.008083205,0.034159489
22.9,0.011143112,0.026919099
23,0.013466382,0.019432428
23.1,0.01502924,0.011751293
23.2,0.015814051,0.003928019
23.3,0.015809321,-0.003984558
23.4,0.01500969,-0.011933092
23.5,0.013415943,-0.019863727
23.6,0.01103481,-0.027722248
23.7,0.007875035,-0.035456233
23.8,0.003950624,-0.043012123
23.9,-0.000718417,-0.05033777
24,-0.00610697,-0.057383536
24.1,-0.012184805,-0.064102297
24.2,-0.018916576,-0.07044944
24.3,-0.026262257,-0.076383457
24.4,-0.034179675,-0.081867706
24.5,-0.042620507,-0.086862937
24.6,-0.051533469,-0.091333805
24.7,-0.060865083,-0.095250148
24.8,-0.070559673,-0.098586984
24.9,-0.080559369,-0.101324513
25,-0.090804102,-0.103448116
25.1,-0.101231609,-0.104948357
25.2,-0.111777429,-0.10582098
25.3,-0.122379414,-0.106066103
25.4,-0.13297827,-0.105685245
25.5,-0.14350764,-0.104683621
25.6,-0.153903641,-0.103070706
25.7,-0.164105106,-0.100860229
25.8,-0.174053583,-0.098070169
25.9,-0.183693342,-0.094722756
26,-0.192971367,-0.090844472
26.1,-0.201837359,-0.086466049
26.2,-0.210243738,-0.081622471
26.3,-0.218146127,-0.076352426
26.4,-0.225509239,-0.070687576
26.5,-0.232292788,-0.064662486
26.6,-0.238458028,-0.058315155
26.7,-0.243971315,-0.051684264
26.8,-0.248804109,-0.044809173
26.9,-0.25293297,-0.037729923
27,-0.256339563,-0.030487234
27.1,-0.259010654,-0.023122505
27.2,-0.260938111,-0.015677819
27.3,-0.262118905,-0.008195934
27.4,-0.262555109,-0.000720292
27.5,-0.262253624,0.006706157
27.6,-0.261220524,0.014052123
27.7,-0.25946284,0.021276712
27.8,-0.256992263,0.028336758
27.9,-0.253824883,0.035190861
28,-0.249981185,0.041799397
28.1,-0.245486049,0.048124511
28.2,-0.240368754,0.054130117
28.3,-0.234662973,0.059781904
28.4,-0.228406775,0.065047329
28.5,-0.221642628,0.06989562
28.6,-0.214417393,0.074297778
28.7,-0.20678229,0.078226583
28.8,-0.198781555,0.081658228
28.9,-0.190462398,0.084567433
29,-0.181880759,0.086930326
29.1,-0.173093148,0.088727539
29.2,-0.164156645,0.089944208
29.3,-0.155128901,0.090569975
29.4,-0.146068134,0.090598986
29.5,-0.137033134,0.090029889
29.6,-0.128083258,0.08886584
29.7,-0.119278436,0.087114497
29.8,-0.110676048,0.08478726
29.9,-0.102327375,0.081896702
30,-0.094293393,0.078460302
30.1,-0.086631903,0.074499375
30.2,-0.079396392,0.070038877
30.3,-0.072636034,0.065107407
30.4,-0.066395693,0.059737206
30.5,-0.060715917,0.053964158
30.6,-0.055632942,0.047827788
30.7,-0.05117869,0.041371263
30.8,-0.047380772,0.034641395
30.9,-0.044262267,0.027686584
31,-0.041843193,0.020548337
31.1,-0.040142734,0.013277134
31.2,-0.039174561,0.00592446
31.3,-0.038946403,-0.001458874
31.4,-0.039460044,-0.008822724
31.5,-0.040711324,-0.016117617
31.6,-0.042690137,-0.023294754
31.7,-0.045380433,-0.030306002
31.8,-0.04876022,-0.037103901
31.9,-0.052801964,-0.04364195
32,-0.057480603,-0.049878829
32.1,-0.062765219,-0.055771135
32.2,-0.068619253,-0.061277344
32.3,-0.075002847,-0.066360016
32.4,-0.081872848,-0.070985796
32.5,-0.0891828,-0.07512541
32.6,-0.096882952,-0.078753673
32.7,-0.104920254,-0.081849478
32.8,-0.113238462,-0.084395824
32.9,-0.121784712,-0.086379971
33,-0.130501905,-0.087790181
33.1,-0.139329672,-0.088618048
33.2,-0.148208644,-0.088859729
33.3,-0.157080451,-0.088515937
33.4,-0.165887722,-0.08759195
33.5,-0.174574086,-0.086097602
33.6,-0.183084172,-0.08404729
33.7,-0.191363609,-0.081459969
33.8,-0.19935903,-0.078359152
33.9,-0.207023731,-0.074767597
34,-0.214310107,-0.070707629
34.1,-0.221168498,-0.066206125
34.2,-0.227553459,-0.061291762
34.3,-0.233423757,-0.055995019
34.4,-0.238742374,-0.050348176
34.5,-0.243476505,-0.044385315
34.6,-0.247597562,-0.038142318
34.7,-0.251081165,-0.031656868
34.8,-0.253907154,-0.02496845
34.9,-0.256059578,-0.01811835
35,-0.257528445,-0.011142664
35.1,-0.258302935,-0.00407462
35.2,-0.258371163,0.003044631
35.3,-0.257726132,0.01017443
35.4,-0.256365754,0.017274657
35.5,-0.25429285,0.02430573
35.6,-0.251515148,0.031228601
35.7,-0.248045284,0.038004763
35.8,-0.243900804,0.044596241
35.9,-0.239104161,0.050965602
36,-0.233682718,0.057075946
36.1,-0.227668745,0.062890915
36.2,-0.221098846,0.068374998
36.3,-0.21400134,0.073498422
36.4,-0.206411514,0.078226418
36.5,-0.198371374,0.08252461
36.6,-0.189925254,0.086362234
36.7,-0.181119821,0.089712137
36.8,-0.172004075,0.09255078
36.9,-0.162629349,0.094858236
37,-0.153049304,0.096618191
37.1,-0.143319937,0.097817943
37.2,-0.133499575,0.098448401
37.3,-0.12364427,0.098504339
37.4,-0.113807069,0.09798262
37.5,-0.104050816,0.096882171
37.6,-0.09443633,0.095206475
37.7,-0.085021966,0.092963629
37.8,-0.075863619,0.090166341
37.9,-0.067014725,0.086831935
38,-0.058526256,0.082982345
38.1,-0.050446723,0.078644121
38.2,-0.042822178,0.073848425
38.3,-0.03569621,0.06863103
38.4,-0.029109004,0.063028774
38.5,-0.023097598,0.05707523
38.6,-0.01769753,0.050812011
38.7,-0.012939121,0.044282343
38.8,-0.008847345,0.037530734
38.9,-0.005441833,0.030602965
39,-0.002736867,0.0235461
39.1,-0.000741389,0.016408477
39.2,0.000540776,0.009239149
39.3,0.001108289,0.002085198
39.4,0.00096394,-0.005002989
39.5,0.000115746,-0.011975947
39.6,-0.001423182,-0.018786031
39.7,-0.003634641,-0.02538741
39.8,-0.006495334,-0.031736075
39.9,-0.009976868,-0.03778983
40,-0.014045834,-0.043508354
40.1,-0.01866777,-0.048854951
40.2,-0.023803843,-0.053792219
40.3,-0.029410813,-0.058284979
40.4,-0.035442964,-0.062302276
40.5,-0.041852102,-0.065817379
40.6,-0.048587555,-0.068807781
40.7,-0.055596174,-0.071255197
40.8,-0.062822334,-0.073145568
40.9,-0.070208768,-0.074469115
41,-0.07770201,-0.075219275
41.1,-0.085241954,-0.075390725
41.2,-0.092768247,-0.07498215
41.3,-0.100222188,-0.073996614
41.4,-0.107546727,-0.072441564
41.5,-0.114686469,-0.070328828
41.6,-0.12158767,-0.067674617
41.7,-0.128198238,-0.06449952
41.8,-0.134467733,-0.060828512
41.9,-0.140348367,-0.056690157
42,-0.145799675,-0.052109611
42.1,-0.150775215,-0.047116519
42.2,-0.155231229,-0.041743464
42.3,-0.159128822,-0.036024785
42.4,-0.16243396,-0.029996575
42.5,-0.165117467,-0.023696678
42.6,-0.167155032,-0.017164691
42.7,-0.168527201,-0.010441967
42.8,-0.169219382,-0.003571609
42.9,-0.169221845,0.003401525
43,-0.168529689,0.01043199
43.1,-0.16713997,0.017483377
43.2,-0.165049799,0.024510667
43.3,-0.162260896,0.03146717
43.4,-0.158780042,0.038307642
43.5,-0.154619082,0.044988293
43.6,-0.149794921,0.051466783
43.7,-0.14432953,0.057702219
43.8,-0.13824994,0.063655162
43.9,-0.131588246,0.069287622
44,-0.124381605,0.074563058
44.1,-0.116672238,0.079446382
44.2,-0.108499854,0.083906943
44.3,-0.099903328,0.087914336
44.4,-0.090931368,0.091436873
44.5,-0.081634231,0.094447454
44.6,-0.072063688,0.096923582
44.7,-0.062273027,0.098847365
44.8,-0.05231705,0.100205516
44.9,-0.042252076,0.100989352
45,-0.032135939,0.101194794
45.1,-0.022027988,0.100822369
45.2,-0.011986149,0.099876657
45.3,-0.002061787,0.098363243
45.4,0.007684294,0.096291349
45.5,0.01719344,0.093674286
45.6,0.026410367,0.090529346
45.7,0.035283155,0.086877804
45.8,0.043763257,0.082744916
45.9,0.051805488,0.078159922
46,0.059368035,0.073156041
46.1,0.066412451,0.067770477
46.2,0.072903658,0.062044414
46.3,0.078810732,0.056018642
46.4,0.084105301,0.049728638
46.5,0.088760121,0.043218274
46.6,0.092753201,0.036532037
46.7,0.096067917,0.029714637
46.8,0.098693019,0.022811009
46.9,0.100622626,0.015866312
47,0.101856231,0.008925932
47.1,0.102398694,0.002035476
47.2,0.102260121,-0.004759529
47.3,0.101451994,-0.011418695
47.4,0.099988667,-0.01789705
47.5,0.097889286,-0.024149438
47.6,0.095177199,-0.030133448
47.7,0.091879956,-0.035809411
47.8,0.088029305,-0.041140405
47.9,0.083661199,-0.046092251
48,0.078815787,-0.050633516
48.1,0.073537423,-0.054735509
48.2,0.067874658,-0.058372287
48.3,0.061874398,-0.061521217
48.4,0.055583478,-0.06416032
48.5,0.049056022,-0.06626954
48.6,0.042346508,-0.067833327
48.7,0.035509739,-0.068840633
48.8,0.028600852,-0.069284919
48.9,0.021675305,-0.069164151
49,0.01478889,-0.0684808
49.1,0.007997723,-0.067241846
49.2,0.001357217,-0.065458377
49.3,-0.005082813,-0.063141989
49.4,-0.011266562,-0.060308123
49.5,-0.017140085,-0.056975964
49.6,-0.02265314,-0.053168003
49.7,-0.027759189,-0.048910041
49.8,-0.032415396,-0.044231181
49.9,-0.036582627,-0.039163836
50,-0.040225452,-0.033743723
50.1,-0.043312144,-0.028009865
50.2,-0.045814706,-0.02200374
50.3,-0.047707676,-0.015762665
50.4,-0.048967377,-0.009329276
50.5,-0.049575025,-0.002747927
50.6,-0.049517051,0.00393683
50.7,-0.048785101,0.010680247
50.8,-0.047376038,0.017437381
50.9,-0.045291941,0.024163092
51,-0.042540103,0.030812042
51.1,-0.039131671,0.03734045
51.2,-0.03507943,0.04370517
51.3,-0.030401444,0.049860739
51.4,-0.025119977,0.055764272
51.5,-0.01926144,0.061375576
51.6,-0.012856397,0.066657149
51.7,-0.00593956,0.071574179
51.8,0.001450208,0.076094544
51.9,0.009269895,0.080188813
52,0.017476049,0.08383186
52.1,0.026023874,0.086999689
52.2,0.034862547,0.08966869
52.3,0.043940585,0.091819885
52.4,0.053205881,0.093438953
52.5,0.062605706,0.094516226
52.6,0.072086711,0.095046696
52.7,0.081594922,0.095030008
52.8,0.091075743,0.094470463
52.9,0.100473957,0.093377021
53,0.109737783,0.091761484
53.1,0.118819028,0.089635232
53.2,0.127663237,0.087014161
53.3,0.136219146,0.083917152
53.4,0.144438959,0.080365987
53.5,0.15227835,0.076385351
53.6,0.159696457,0.072002832
53.7,0.166655889,0.067248923
53.8,0.173122719,0.062157015
53.9,0.179066492,0.056763405
54,0.184460217,0.051107292
54.1,0.189282706,0.045223759
54.2,0.193512865,0.039145396
54.3,0.197129078,0.032911446
54.4,0.200114508,0.026560937
54.5,0.202457107,0.020132659
54.6,0.204149616,0.013665173
54.7,0.205189562,0.007196807
54.8,0.205579262,0.000765653
54.9,0.205325821,-0.005590426
55,0.204441129,-0.011833803
55.1,0.202941869,-0.017927082
55.2,0.200849218,-0.023833353
55.3,0.198180239,-0.029521688
55.4,0.194955931,-0.034957348
55.5,0.191203026,-0.040104991
55.6,0.186951246,-0.044931879
55.7,0.182233303,-0.049407878
55.8,0.177084901,-0.053505459
55.9,0.171544733,-0.057199695
56,0.165654483,-0.060468264
56.1,0.159458825,-0.063291447
56.2,0.153005423,-0.065652129
56.3,0.146340034,-0.067536192
56.4,0.139508663,-0.06892999
56.5,0.132563762,-0.069821539
56.6,0.125557239,-0.070202874
56.7,0.118540423,-0.070070051
56.8,0.111564062,-0.06942315
56.9,0.104678323,-0.068266274
57,0.097932794,-0.066607551
57.1,0.09137648,-0.06445913
57.2,0.085057807,-0.061837186
57.3,0.07902123,-0.058760253
57.4,0.073307929,-0.055247061
57.5,0.067965359,-0.05132155
57.6,0.063037025,-0.047010161
57.7,0.058562106,-0.04234169
57.8,0.054575453,-0.037347299
57.9,0.051107594,-0.032060504
58,0.048184732,-0.026517188
58.1,0.045828742,-0.020755589
58.2,0.044057176,-0.014816308
58.3,0.042883258,-0.008742305
58.4,0.042316393,-0.002576613
58.5,0.042365524,0.00364357
58.6,0.04303613,0.009873792
58.7,0.044328859,0.01606995
58.8,0.046239597,0.022189276
58.9,0.048759475,0.028190337
59,0.051874862,0.034033043
59.1,0.05556737,0.039678635
59.2,0.059813853,0.045089697
59.3,0.064586404,0.050230146
59.4,0.06985448,0.055066404
59.5,0.075589484,0.059567945
59.6,0.081755662,0.063702658
59.7,0.088314791,0.067441918
59.8,0.095226638,0.070760926
59.9,0.102448962,0.073638707
60,0.10993751,0.076058114
60.1,0.11764602,0.078005821
60.2,0.125526221,0.079472329
60.3,0.133527838,0.080451965
60.4,0.141604242,0.080941976
60.5,0.149707109,0.080940606
60.6,0.15778451,0.080449054
60.7,0.165786267,0.079471924
60.8,0.173663957,0.078017218
60.9,0.181370908,0.076096342
61,0.188862202,0.073724104
61.1,0.196094674,0.070918712
61.2,0.20302691,0.067701777
61.3,0.209619251,0.064098311
61.4,0.215835485,0.060135242
61.5,0.221645503,0.055834815
61.6,0.227013005,0.051223602
61.7,0.231904572,0.046329784
61.8,0.236290808,0.041182471
61.9,0.240146337,0.035811698
62,0.243449801,0.030248432
62.1,0.246183866,0.024524562
62.2,0.248335215,0.01867291
62.3,0.249894555,0.012727222
62.4,0.25085661,0.006722172
62.5,0.251220127,0.000693362
62.6,0.25098773,-0.005324194
62.7,0.250162223,-0.011305835
62.8,0.248746142,-0.017217431
62.9,0.246745572,-0.023023333
63,0.244170337,-0.028689275
63.1,0.241034001,-0.034182375
63.2,0.237353867,-0.039471135
63.3,0.233150977,-0.044525443
63.4,0.228450114,-0.049316569
63.5,0.223279798,-0.053817168
63.6,0.217672291,-0.058001278
63.7,0.211663593,-0.061844323
63.8,0.205293443,-0.065323109
63.9,0.198601623,-0.068416575
64,0.191619536,-0.071105492
64.1,0.184390078,-0.073368944
64.2,0.176957858,-0.075189221
64.3,0.16936803,-0.076552184
64.4,0.161666295,-0.077447256
64.5,0.153898893,-0.077867428
64.6,0.146112612,-0.077809256
64.7,0.138354781,-0.077272862
64.8,0.130673275,-0.076261933
64.9,0.123116449,-0.07478371
65,0.115726044,-0.072846963
65.1,0.108547693,-0.070462512
65.2,0.101629894,-0.067644863
65.3,0.095017773,-0.064411479
65.4,0.088753085,-0.060782772
65.5,0.082874218,-0.056782111
65.6,0.077416188,-0.052435817
65.7,0.072410643,-0.047773164
65.8,0.067885858,-0.042826381
65.9,0.063866742,-0.037630648
66,0.060374831,-0.032224101
66.1,0.057427401,-0.026642606
66.2,0.055040829,-0.020920659
66.3,0.053230348,-0.015099701
66.4,0.052006394,-0.009220717
66.5,0.051374577,-0.003324162
66.6,0.051335691,0.002550033
66.7,0.051885705,0.008362467
66.8,0.053015768,0.014074264
66.9,0.054712209,0.019647077
67,0.056956534,0.025043085
67.1,0.059725433,0.030224998
67.2,0.062996923,0.035159349
67.3,0.066747629,0.039813085
67.4,0.070947558,0.044152968
67.5,0.075564174,0.048149013
67.6,0.080562397,0.051774487
67.7,0.085904603,0.055005906
67.8,0.091550627,0.057823037
67.9,0.097457758,0.0602089
68,0.103580744,0.062149764
68.1,0.109875523,0.063635249
68.2,0.116297301,0.064656094
68.3,0.122796841,0.065205131
68.4,0.12932573,0.065278813
68.5,0.135836399,0.064877216
68.6,0.142282125,0.064004044
68.7,0.14861703,0.062666623
68.8,0.154796077,0.060875904
68.9,0.160775078,0.058646461
69,0.166510687,0.055996497
69.1,0.171964542,0.052944607
69.2,0.177098218,0.049508929
69.3,0.181870533,0.045711554
69.4,0.186243936,0.041576279
69.5,0.190184508,0.037128611
69.6,0.19366197,0.03239576
69.7,0.196649678,0.027406642
69.8,0.199124622,0.02219188
69.9,0.201067433,0.016783801
70,0.202462374,0.01121644
70.1,0.203297347,0.005525536
70.2,0.203564918,-0.000256717
70.3,0.203257599,-0.006100717
70.4,0.202367305,-0.011969335
70.5,0.200890184,-0.017826078
70.6,0.198826663,-0.0236352
70.7,0.196181448,-0.0293617
70.8,0.192963521,-0.034971327
70.9,0.189186142,-0.040430574
71,0.184866848,-0.045706683
71.1,0.180027457,-0.050767642
71.2,0.174694061,-0.055582185
71.3,0.168897031,-0.060119794
71.4,0.162669092,-0.064351643
71.5,0.156035111,-0.068253539
71.6,0.149029322,-0.07179694
71.7,0.141689454,-0.074955519
71.8,0.134054881,-0.07770634
71.9,0.126166619,-0.080029857
72,0.11806733,-0.081909918
72.1,0.10980132,-0.083333759
72.2,0.101414542,-0.084292008
72.3,0.092954588,-0.084778687
72.4,0.084470697,-0.084791205
72.5,0.07600698,-0.084329647
72.6,0.067609695,-0.083395098
72.7,0.059329917,-0.08199168
72.8,0.051216343,-0.080127083
72.9,0.043315296,-0.077812567
73,0.03567072,-0.075062961
73.1,0.028324182,-0.071896662
73.2,0.021314876,-0.068335638
73.3,0.014679616,-0.064405425
73.4,0.00845284,-0.060135126
73.5,0.002666594,-0.055557385
73.6,-0.002652021,-0.050701531
73.7,-0.007475593,-0.045598781
73.8,-0.011778125,-0.040285351
73.9,-0.015538268,-0.034798017
74,-0.018739321,-0.029174115
74.1,-0.021369232,-0.023451539
74.2,-0.023420596,-0.017668744
74.3,-0.024890659,-0.011864745
74.4,-0.025781313,-0.006079117
74.5,-0.0260991,-0.000351993
74.6,-0.02585218,0.005278579
74.7,-0.025049306,0.010775612
74.8,-0.023705314,0.016100389
74.9,-0.021838681,0.021216313
75,-0.019471505,0.026088924
75.1,-0.016629505,0.030685901
75.2,-0.013342022,0.034977062
75.3,-0.009642021,0.038934362
75.4,-0.00556503,0.042532343
75.5,-0.001146538,0.045747707
75.6,0.003572821,0.048556999
75.7,0.008550927,0.050940165
75.8,0.013744589,0.052880814
75.9,0.019109545,0.054366227
76,0.024600464,0.05538735
76.1,0.030170945,0.055938799
76.2,0.035773514,0.056018855
76.3,0.041360772,0.055629189
76.4,0.046888631,0.054772567
76.5,0.052308054,0.053454403
76.6,0.057571326,0.051683385
76.7,0.062633002,0.049471384
76.8,0.067449909,0.046833446
76.9,0.071981142,0.043787801
77,0.076188067,0.040355858
77.1,0.080034318,0.036562208
77.2,0.083485802,0.032434619
77.3,0.086512567,0.028000871
77.4,0.089085493,0.023288482
77.5,0.09117503,0.01832972
77.6,0.092755952,0.013157767
77.7,0.093807387,0.00780669
77.8,0.09431281,0.002311433
77.9,0.094260052,-0.003292176
78,0.093641292,-0.008967427
78.1,0.092453061,-0.01467673
78.2,0.090696244,-0.020381613
78.3,0.088374926,-0.026044912
78.4,0.085493062,-0.031632091
78.5,0.082058976,-0.037103747
78.6,0.078084913,-0.042422008
78.7,0.073586933,-0.047550878
78.8,0.068584912,-0.052456233
78.9,0.063102541,-0.057105826
79,0.057167324,-0.061469282
79.1,0.050810584,-0.065518102
79.2,0.044067456,-0.069225659
79.3,0.036973718,-0.072568495
79.4,0.02956406,-0.075524638
79.5,0.021879987,-0.078071267
79.6,0.013964005,-0.080189319
79.7,0.00585944,-0.081863591
79.8,-0.002389563,-0.083082743
79.9,-0.010738042,-0.083839294
80,-0.019140215,-0.084129626
80.1,-0.02754948,-0.083953983
80.2,-0.035918419,-0.083316468
80.3,-0.044200449,-0.082224286
80.4,-0.052353989,-0.080684163
80.5,-0.060332059,-0.078706874
80.6,-0.068089485,-0.076306331
80.7,-0.075583861,-0.073499271
80.8,-0.082775548,-0.07030526
80.9,-0.089627677,-0.066746691
81,-0.096106143,-0.062848782
81.1,-0.10217961,-0.058639577
81.2,-0.10781951,-0.054149951
81.3,-0.113001104,-0.049411407
81.4,-0.117702357,-0.044452403
81.5,-0.121899731,-0.039307004
81.6,-0.12557371,-0.034009819
81.7,-0.128709093,-0.028595598
81.8,-0.131294994,-0.023099241
81.9,-0.13332484,-0.017555789
82,-0.134796369,-0.01200043
82.1,-0.135711637,-0.006468498
82.2,-0.136077011,-0.00099547
82.3,-0.135903173,0.00438303
82.4,-0.135202021,0.009635113
82.5,-0.133985184,0.014729385
82.6,-0.132269486,0.019630775
82.7,-0.130074841,0.024306494
82.8,-0.127424243,0.028726064
82.9,-0.124343764,0.032861312
83,-0.120862554,0.036686371
83.1,-0.117012845,0.040177683
83.2,-0.112829944,0.043313995
83.3,-0.108352239,0.046076362
83.4,-0.103620912,0.048448171
83.5,-0.098672412,0.050414886
83.6,-0.093547671,0.051962115
83.7,-0.088290773,0.053078239
83.8,-0.082945685,0.053755112
83.9,-0.077556261,0.053988068
84,-0.072166241,0.053775913
84.1,-0.066819248,0.053120931
84.2,-0.061558793,0.052028881
84.3,-0.05642827,0.050508997
84.4,-0.051469252,0.048573295
84.5,-0.046719566,0.046234024
84.6,-0.042222324,0.043507063
84.7,-0.038018079,0.040410879
84.8,-0.034144104,0.036966335
84.9,-0.030634395,0.033196685
85,-0.027519667,0.029127578
85.1,-0.024827356,0.024787056
85.2,-0.022581617,0.020205555
85.3,-0.02080333,0.015415904
85.4,-0.01951009,0.010453294
85.5,-0.018716883,0.005349892
85.6,-0.018437849,0.000139544
85.7,-0.018683657,-0.005140639
85.8,-0.019460771,-0.010453972
85.9,-0.020771449,-0.015764198
86,-0.022613739,-0.021035486
86.1,-0.024981481,-0.026232436
86.2,-0.027864308,-0.031320071
86.3,-0.031247647,-0.036263846
86.4,-0.035114105,-0.041030869
86.5,-0.039446383,-0.045590272
86.6,-0.04422206,-0.04990911
86.7,-0.049415916,-0.053957003
86.8,-0.055000129,-0.05770638
86.9,-0.060944277,-0.061132483
87,-0.067215339,-0.064213369
87.1,-0.073777689,-0.066929903
87.2,-0.080593105,-0.069265767
87.3,-0.08762109,-0.071207517
87.4,-0.094824525,-0.07274478
87.5,-0.102161589,-0.073867323
87.6,-0.109588629,-0.074567517
87.7,-0.117062585,-0.074841131
87.8,-0.124540985,-0.074687328
87.9,-0.131981949,-0.074108668
88,-0.139344187,-0.073111103
88.1,-0.146587001,-0.071703982
88.2,-0.15367028,-0.06990005
88.3,-0.160554506,-0.067715444
88.4,-0.167204471,-0.06516684
88.5,-0.173586318,-0.062269752
88.6,-0.179662598,-0.059043754
88.7,-0.185399034,-0.055509915
88.8,-0.190764577,-0.051690774
88.9,-0.195731406,-0.047610337
89,-0.200274926,-0.043294079
89.1,-0.20437377,-0.038768942
89.2,-0.208009797,-0.034063338
89.3,-0.211168093,-0.029207147
89.4,-0.213836973,-0.024231714
89.5,-0.216007627,-0.019168234
89.6,-0.217671286,-0.01404178
89.7,-0.218821411,-0.008882793
89.8,-0.21945494,-0.003722057
89.9,-0.21957221,0.001410287
90,-0.21917696,0.006484736
90.1,-0.218276331,0.011472432
90.2,-0.216880865,0.016345155
90.3,-0.215004505,0.021075328
90.4,-0.212664595,0.025636014
90.5,-0.209880709,0.030001667
90.6,-0.20667155,0.034148006
90.7,-0.203060486,0.03804851
90.8,-0.199073204,0.041678547
90.9,-0.194737424,0.04501566
91,-0.190082891,0.048039569
91.1,-0.185141383,0.050732169
91.2,-0.179946705,0.05307753
91.3,-0.174534693,0.055061898
91.4,-0.16894321,0.056673696
91.5,-0.163209805,0.057903808
91.6,-0.157370547,0.058744172
91.7,-0.15146729,0.059187338
91.8,-0.145541413,0.059228882
91.9,-0.139633532,0.058867471
92,-0.133783501,0.058104868
92.1,-0.128030409,0.056945927
92.2,-0.122412584,0.055398601
92.3,-0.116967592,0.053473934
92.4,-0.111732232,0.051186063
92.5,-0.106742098,0.048552005
92.6,-0.102026126,0.045587898
92.7,-0.097618602,0.042313392
92.8,-0.093553287,0.038750885
92.9,-0.089860309,0.03492433
93,-0.086566173,0.030859241
93.1,-0.083693753,0.026582686
93.2,-0.081262295,0.022123294
93.3,-0.079287417,0.017511247
93.4,-0.077781107,0.012778287
93.5,-0.076751727,0.007957714
93.6,-0.07620401,0.003084383
93.7,-0.076139669,-0.00180772
93.8,-0.076560659,-0.006690047
93.9,-0.077466052,-0.011527154
94,-0.078851264,-0.016284367
94.1,-0.080708146,-0.020928575
94.2,-0.083024979,-0.025428227
94.3,-0.085786477,-0.029753331
94.4,-0.088973784,-0.033875458
94.5,-0.092564478,-0.037767739
94.6,-0.096532569,-0.041404863
94.7,-0.100848496,-0.044763084
94.8,-0.105481197,-0.047820828
94.9,-0.110404102,-0.050559293
95,-0.115583552,-0.052959081
95.1,-0.120984307,-0.055003572
95.2,-0.126570334,-0.056679243
95.3,-0.132304811,-0.057975669
95.4,-0.138150127,-0.058885522
95.5,-0.144067877,-0.059404571
95.6,-0.15001887,-0.059531682
95.7,-0.155963123,-0.059268819
95.8,-0.161862355,-0.058620199
95.9,-0.167680486,-0.057590057
96,-0.173376967,-0.056185215
96.1,-0.178913049,-0.054414798
96.2,-0.184252005,-0.052290191
96.3,-0.189359131,-0.049825043
96.4,-0.194201746,-0.047035264
96.5,-0.198749192,-0.043939025
96.6,-0.202972832,-0.040556761
96.7,-0.206846053,-0.036911167
96.8,-0.210344412,-0.033027085
96.9,-0.21345039,-0.028925981
97,-0.216142261,-0.024630851
97.1,-0.218397719,-0.020167426
97.2,-0.220198027,-0.015561824
97.3,-0.221528022,-0.010840555
97.4,-0.222376114,-0.006030519
97.5,-0.222734285,-0.001159006
97.6,-0.222598091,0.003746304
97.7,-0.221966661,0.008657342
97.8,-0.220842697,0.013545647
97.9,-0.219232472,0.01838237
98,-0.217145834,0.02313827
98.1,-0.214595938,0.027784028
98.2,-0.211591699,0.032297338
98.3,-0.208145033,0.03665197
98.4,-0.204272673,0.040819986
98.5,-0.199993853,0.0447752
98.6,-0.195330309,0.048493176
98.7,-0.190306277,0.05195123
98.8,-0.184948495,0.055128429
98.9,-0.179286203,0.058005591
99,-0.173351142,0.060565284
99.1,-0.167177554,0.062791827
99.2,-0.160800824,0.064671102
99.3,-0.154253735,0.066189488
99.4,-0.147573672,0.067335533
99.5,-0.140798711,0.068100624
99.6,-0.1339671,0.068478965
99.7,-0.127117263,0.068467582
99.8,-0.120287798,0.068066315
99.9,-0.113517476,0.067277825
